id,address_area,address_city,address_state,space_name,description,featured_image,space_images,pricing_monthly,pricing_gst,pricing_br,pricing_ma,listing_address,full_address,processing_time,property_type,property_feature,rating,badge,is_active
4,Ambawadi,Ahmedabad,Gujarat,Ambawadi Business Hub,"This space offers flexible coworking and private office spaces, catering to professionals and businesses. It provides various workspace options, including dedicated desks and private cabins, equipped with essential amenities like high-speed Wi-Fi, meeting rooms, and pantry services.",https://easemyoffice.in/wp-content/uploads/2024/10/01-27.webp,https://easemyoffice.in/wp-content/uploads/2024/10/03-14.webp|https://easemyoffice.in/wp-content/uploads/2024/10/02-14.webp|https://easemyoffice.in/wp-content/uploads/2024/10/05-14.webp|https://easemyoffice.in/wp-content/uploads/2024/10/04-14.webp,,,,,"Ambawadi, Ahmedabad","Ambawadi, Ahmedabad, India",2-3 business days,Virtual Office & Coworking,High-speed Wi-Fi|Meeting rooms|Power backup|24x7 access|Parking|CCTV,4.7,,true
6,Indiranagar,Bangalore,,Indiranagar Business Hub,"Coworking space with AV equipment, videoconferencing, privacy booths, kitchen access, receptionist services. 24/7 access, dedicated desks and private offices.",https://easemyoffice.in/wp-content/uploads/2024/10/01-29.webp,https://easemyoffice.in/wp-content/uploads/2024/10/01-54.webp|https://easemyoffice.in/wp-content/uploads/2024/10/02-18.webp|https://easemyoffice.in/wp-content/uploads/2024/10/03-20.webp,,,,,"Indiranagar, Bangalore","Indiranagar, Bangalore, India",2-3 business days,Virtual Office & Coworking,High-speed Wi-Fi|Meeting rooms|Power backup|24x7 access|Parking|CCTV,4.7,,true
8,HRBR Layout,Bangalore,,HRBR Layout Business Hub,"Complimentary coffee/tea, A/V equipment, printers, whiteboards, kitchen, parking. Dedicated desks, private offices, meeting rooms.",https://easemyoffice.in/wp-content/uploads/2024/10/01-31.webp,https://easemyoffice.in/wp-content/uploads/2024/10/03-14.webp|https://easemyoffice.in/wp-content/uploads/2024/10/02.webp|https://easemyoffice.in/wp-content/uploads/2024/10/05-16.webp,,,,,"HRBR Layout, Bangalore","HRBR Layout, Bangalore, India",2-3 business days,Virtual Office & Coworking,High-speed Wi-Fi|Meeting rooms|Power backup|24x7 access|Parking|CCTV,4.7,,true
44,Jaya Nagar,Bangalore,,Jaya Nagar Business Hub,"Well-equipped coworking space. Open desks, private offices, meeting rooms. 24/7 power backup, cafeteria, parking.",https://easemyoffice.in/wp-content/uploads/2026/03/WhatsApp-Image-2026-03-07-at-4.59.10-PM-1-scaled.webp,https://easemyoffice.in/wp-content/uploads/2026/03/WhatsApp-Image-2026-03-07-at-4.59.10-PM-scaled.webp|https://easemyoffice.in/wp-content/uploads/2026/03/WhatsApp-Image-2026-03-07-at-4.59.11-PM-1-scaled.webp|https://easemyoffice.in/wp-content/uploads/2026/03/WhatsApp-Image-2026-03-07-at-4.59.11-PM-2-scaled.webp,,,,,"Jaya Nagar, Bangalore","Jaya Nagar, Bangalore, India",2-3 business days,Virtual Office & Coworking,High-speed Wi-Fi|Meeting rooms|Power backup|24x7 access|Parking|CCTV,4.7,,true
54,Hebbal,Bangalore,,Hebbal Business Hub,"A premium, verified business address in Hebbal, Bangalore — ready for GST and company registration, with professional mail handling and coworking access.",,,949,949,1249,749,"Hebbal, Bangalore","Hebbal, Bangalore, India",2-3 business days,Virtual Office & Coworking,High-speed Wi-Fi|Meeting rooms|Reception|Mail handling|Parking|Power backup|CCTV|24x7 access,4.7,,true
53,Marathahalli,Bangalore,,Marathahalli Business Hub,"A premium, verified business address in Marathahalli, Bangalore — ready for GST and company registration, with professional mail handling and coworking access.",,,899,899,1199,699,"Marathahalli, Bangalore","Marathahalli, Bangalore, India",2-3 business days,Virtual Office & Coworking,High-speed Wi-Fi|Meeting rooms|Reception|Mail handling|Parking|Power backup|CCTV|24x7 access,4.6,,true
52,Jayanagar,Bangalore,,Jayanagar Business Hub,"A premium, verified business address in Jayanagar, Bangalore — ready for GST and company registration, with professional mail handling and coworking access.",,,999,999,1299,799,"Jayanagar, Bangalore","Jayanagar, Bangalore, India",2-3 business days,Virtual Office & Coworking,High-speed Wi-Fi|Meeting rooms|Reception|Mail handling|Parking|Power backup|CCTV|24x7 access,4.8,,true
51,JP Nagar,Bangalore,,JP Nagar Business Hub,"A premium, verified business address in JP Nagar, Bangalore — ready for GST and company registration, with professional mail handling and coworking access.",,,949,949,1249,749,"JP Nagar, Bangalore","JP Nagar, Bangalore, India",2-3 business days,Virtual Office & Coworking,High-speed Wi-Fi|Meeting rooms|Reception|Mail handling|Parking|Power backup|CCTV|24x7 access,4.7,,true
50,Electronic City,Bangalore,,Electronic City Business Hub,"A premium, verified business address in Electronic City, Bangalore — ready for GST and company registration, with professional mail handling and coworking access.",,,899,899,1199,699,"Electronic City, Bangalore","Electronic City, Bangalore, India",2-3 business days,Virtual Office & Coworking,High-speed Wi-Fi|Meeting rooms|Reception|Mail handling|Parking|Power backup|CCTV|24x7 access,4.6,,true
49,Whitefield,Bangalore,,Whitefield Business Hub,"A premium, verified business address in Whitefield, Bangalore — ready for GST and company registration, with professional mail handling and coworking access.",,,899,899,1199,699,"Whitefield, Bangalore","Whitefield, Bangalore, India",2-3 business days,Virtual Office & Coworking,High-speed Wi-Fi|Meeting rooms|Reception|Mail handling|Parking|Power backup|CCTV|24x7 access,4.7,,true
48,MG Road,Bangalore,,MG Road Business Hub,"A premium, verified business address in MG Road, Bangalore — ready for GST and company registration, with professional mail handling and coworking access.",,,1199,1199,1499,999,"MG Road, Bangalore","MG Road, Bangalore, India",2-3 business days,Virtual Office & Coworking,High-speed Wi-Fi|Meeting rooms|Reception|Mail handling|Parking|Power backup|CCTV|24x7 access,4.8,,true
47,Koramangala,Bangalore,,Koramangala Business Hub,"A premium, verified business address in Koramangala, Bangalore — ready for GST and company registration, with professional mail handling and coworking access.",,,999,999,1299,799,"Koramangala, Bangalore","Koramangala, Bangalore, India",2-3 business days,Virtual Office & Coworking,High-speed Wi-Fi|Meeting rooms|Reception|Mail handling|Parking|Power backup|CCTV|24x7 access,4.9,Most Sold,true
7,Ganganagar,Bangalore,,Ganganagar Business Hub,"Dynamic coworking space with modern workstations, private offices, meeting rooms. High-speed internet, 24/7 access, power backup.",https://easemyoffice.in/wp-content/uploads/2024/10/01-30.webp,https://easemyoffice.in/wp-content/uploads/2024/10/03-13.webp|https://easemyoffice.in/wp-content/uploads/2024/10/02-14.webp|https://easemyoffice.in/wp-content/uploads/2024/10/05-14.webp,,,,,"Ganganagar, Bangalore","Ganganagar, Bangalore, India",2-3 business days,Virtual Office & Coworking,High-speed Wi-Fi|Meeting rooms|Power backup|24x7 access|Parking|CCTV,4.7,,true
5,HSR Layout,Bangalore,Karnataka,HSR Layout Business Hub,"Well-equipped coworking space with open desks, private offices, meeting rooms. High-speed internet, 24/7 power backup, cafeteria, and parking.",https://easemyoffice.in/wp-content/uploads/2024/10/01-28.webp,https://easemyoffice.in/wp-content/uploads/2024/10/03-18.webp|https://easemyoffice.in/wp-content/uploads/2024/10/02-15.webp|https://easemyoffice.in/wp-content/uploads/2024/10/05-15.webp|https://easemyoffice.in/wp-content/uploads/2024/10/04-18.webp,,,,,"HSR Layout, Bangalore","HSR Layout, Bangalore, India",2-3 business days,Virtual Office & Coworking,High-speed Wi-Fi|Meeting rooms|Power backup|24x7 access|Parking|CCTV,4.7,,true
9,Anna Salai,Chennai,Tamil Nadu,Anna Salai Business Hub,"Professional well-equipped environment for businesses of all sizes. Flexible layouts, modern meeting rooms, high-speed internet.",https://easemyoffice.in/wp-content/uploads/2024/10/01-32.webp,https://easemyoffice.in/wp-content/uploads/2024/10/03-11.webp|https://easemyoffice.in/wp-content/uploads/2024/10/02-12.webp|https://easemyoffice.in/wp-content/uploads/2024/10/05-11.webp,,,,,"Anna Salai, Chennai","Anna Salai, Chennai, India",2-3 business days,Virtual Office & Coworking,High-speed Wi-Fi|Meeting rooms|Power backup|24x7 access|Parking|CCTV,4.7,,true
78,Anna Nagar,Chennai,,Anna Nagar Business Hub,"A premium, verified business address in Anna Nagar, Chennai — ready for GST and company registration, with professional mail handling and coworking access.",,,899,899,1199,699,"Anna Nagar, Chennai","Anna Nagar, Chennai, India",2-3 business days,Virtual Office & Coworking,High-speed Wi-Fi|Meeting rooms|Reception|Mail handling|Parking|Power backup|CCTV|24x7 access,4.6,,true
77,T. Nagar,Chennai,,T. Nagar Business Hub,"A premium, verified business address in T. Nagar, Chennai — ready for GST and company registration, with professional mail handling and coworking access.",,,999,999,1299,799,"T. Nagar, Chennai","T. Nagar, Chennai, India",2-3 business days,Virtual Office & Coworking,High-speed Wi-Fi|Meeting rooms|Reception|Mail handling|Parking|Power backup|CCTV|24x7 access,4.7,,true
75,OMR,Chennai,,OMR Business Hub,"A premium, verified business address in OMR, Chennai — ready for GST and company registration, with professional mail handling and coworking access.",,,999,999,1299,799,"OMR, Chennai","OMR, Chennai, India",2-3 business days,Virtual Office & Coworking,High-speed Wi-Fi|Meeting rooms|Reception|Mail handling|Parking|Power backup|CCTV|24x7 access,4.7,Trending,true
76,Guindy,Chennai,,Guindy Business Hub,"A premium, verified business address in Guindy, Chennai — ready for GST and company registration, with professional mail handling and coworking access.",,,949,949,1249,749,"Guindy, Chennai","Guindy, Chennai, India",2-3 business days,Virtual Office & Coworking,High-speed Wi-Fi|Meeting rooms|Reception|Mail handling|Parking|Power backup|CCTV|24x7 access,4.6,,true
10,Amman Nagar,Coimbatore,,Amman Nagar Business Hub,"Prominent business area with high-speed internet, power backup, meeting rooms, and refreshments.",https://easemyoffice.in/wp-content/uploads/2024/10/01-33.webp,https://easemyoffice.in/wp-content/uploads/2024/10/03-10.webp|https://easemyoffice.in/wp-content/uploads/2024/10/02-11.webp|https://easemyoffice.in/wp-content/uploads/2024/10/05-12.webp,,,,,"Amman Nagar, Coimbatore","Amman Nagar, Coimbatore, India",2-3 business days,Virtual Office & Coworking,High-speed Wi-Fi|Meeting rooms|Power backup|24x7 access|Parking|CCTV,4.7,,true
12,Saravanampatti,Coimbatore,,Saravanampatti Business Hub,"Located in a tech park. High-speed internet, ergonomic seating, conference room, reception desk.",https://easemyoffice.in/wp-content/uploads/2024/10/01-35.webp,https://easemyoffice.in/wp-content/uploads/2024/10/03-9.webp|https://easemyoffice.in/wp-content/uploads/2024/10/02-7.webp|https://easemyoffice.in/wp-content/uploads/2024/10/05-7.webp,,,,,"Saravanampatti, Coimbatore","Saravanampatti, Coimbatore, India",2-3 business days,Virtual Office & Coworking,High-speed Wi-Fi|Meeting rooms|Power backup|24x7 access|Parking|CCTV,4.7,,true
11,Nehru Nagar,Coimbatore,,Nehru Nagar Business Hub,"Dedicated desks, private offices, day passes. High-speed internet, ergonomic furniture, 24/7 access, power backup.",https://easemyoffice.in/wp-content/uploads/2024/10/01-34.webp,https://easemyoffice.in/wp-content/uploads/2024/10/03-12.webp|https://easemyoffice.in/wp-content/uploads/2024/10/02-13.webp|https://easemyoffice.in/wp-content/uploads/2024/10/05-13.webp,,,,,"Nehru Nagar, Coimbatore","Nehru Nagar, Coimbatore, India",2-3 business days,Virtual Office & Coworking,High-speed Wi-Fi|Meeting rooms|Power backup|24x7 access|Parking|CCTV,4.7,,true
32,Greater Kailash,Delhi,,Greater Kailash Business Hub,"Structure, reliability, accessibility. Suitable for consultants, legal practitioners, corporate teams.",https://easemyoffice.in/wp-content/uploads/2025/09/Greater-Kailash_hero.webp,,,,,,"Greater Kailash, Delhi","Greater Kailash, Delhi, India",2-3 business days,Virtual Office & Coworking,High-speed Wi-Fi|Meeting rooms|Power backup|24x7 access|Parking|CCTV,4.7,,true
13,Laxmi Nagar,Delhi,,Laxmi Nagar Business Hub,"Professional flexible environment for freelancers, startups. Modern workstations, private cabins, meeting rooms, 24/7 access.",https://easemyoffice.in/wp-content/uploads/2024/10/01-36.webp,https://easemyoffice.in/wp-content/uploads/2024/10/01-17.webp|https://easemyoffice.in/wp-content/uploads/2024/10/02-17.webp|https://easemyoffice.in/wp-content/uploads/2024/10/03-19.webp,,,,,"Laxmi Nagar, Delhi","Laxmi Nagar, Delhi, India",2-3 business days,Virtual Office & Coworking,High-speed Wi-Fi|Meeting rooms|Power backup|24x7 access|Parking|CCTV,4.7,,true
28,Paschim Vihar,Delhi,,Paschim Vihar Business Hub,"Thoughtfully designed workspace. Hot desks, private cabins, collaborative areas. High-speed internet, power backup.",https://easemyoffice.in/wp-content/uploads/2025/09/Paschim-Vihar-hero.webp,https://easemyoffice.in/wp-content/uploads/2025/09/kirti-nagar-hero.webp,,,,,"Paschim Vihar, Delhi","Paschim Vihar, Delhi, India",2-3 business days,Virtual Office & Coworking,High-speed Wi-Fi|Meeting rooms|Power backup|24x7 access|Parking|CCTV,4.7,,true
29,Kirti Nagar,Delhi,,Kirti Nagar Business Hub,"Quiet work zones and open lounges. Modern interiors, meeting rooms. Freelancers, entrepreneurs, growing teams.",https://easemyoffice.in/wp-content/uploads/2025/09/kirti-nagar-hero.webp,,,,,,"Kirti Nagar, Delhi","Kirti Nagar, Delhi, India",2-3 business days,Virtual Office & Coworking,High-speed Wi-Fi|Meeting rooms|Power backup|24x7 access|Parking|CCTV,4.7,,true
30,Rohini,Delhi,,Rohini Business Hub,"Lively workspace with open desks, private cabins, flexible seating. Bright interiors, community events.",https://easemyoffice.in/wp-content/uploads/2025/09/Rohini-hero.webp,,,,,,"Rohini, Delhi","Rohini, Delhi, India",2-3 business days,Virtual Office & Coworking,High-speed Wi-Fi|Meeting rooms|Power backup|24x7 access|Parking|CCTV,4.7,,true
31,Saket,Delhi,,Saket Business Hub,"Premium environment combining style with functionality. Private offices, conference rooms, event spaces.",https://easemyoffice.in/wp-content/uploads/2025/09/saket-hero.webp,,,,,,"Saket, Delhi","Saket, Delhi, India",2-3 business days,Virtual Office & Coworking,High-speed Wi-Fi|Meeting rooms|Power backup|24x7 access|Parking|CCTV,4.7,,true
33,Green Park,Delhi,,Green Park Business Hub,"Modern and collaborative. Open seating, networking lounges, private cabins. Fast Wi-Fi, printing, meeting rooms.",https://easemyoffice.in/wp-content/uploads/2025/09/green-park-hero.webp,,,,,,"Green Park, Delhi","Green Park, Delhi, India",2-3 business days,Virtual Office & Coworking,High-speed Wi-Fi|Meeting rooms|Power backup|24x7 access|Parking|CCTV,4.7,,true
34,Mukherjee Nagar,Delhi,,Mukherjee Nagar Business Hub,"Cost-effective coworking. Shared desks, private offices, meeting rooms. Freelancers, startups, small enterprises.",https://easemyoffice.in/wp-content/uploads/2025/09/Mukherjee-Nagar-Hero.webp,,,,,,"Mukherjee Nagar, Delhi","Mukherjee Nagar, Delhi, India",2-3 business days,Virtual Office & Coworking,High-speed Wi-Fi|Meeting rooms|Power backup|24x7 access|Parking|CCTV,4.7,,true
35,Najafgarh,Delhi,,Najafgarh Business Hub,"Versatile workspace. Collaborative zones, private areas. High-speed connectivity, conference rooms.",https://easemyoffice.in/wp-content/uploads/2025/09/najafgarh-hero.webp,,,,,,"Najafgarh, Delhi","Najafgarh, Delhi, India",2-3 business days,Virtual Office & Coworking,High-speed Wi-Fi|Meeting rooms|Power backup|24x7 access|Parking|CCTV,4.7,,true
36,Krishna Nagar,Delhi,,Krishna Nagar Business Hub,"Flexible office solution. Hot desks to furnished cabins. Community-driven, affordable.",https://easemyoffice.in/wp-content/uploads/2025/09/krishna-nagar-hero.webp,,,,,,"Krishna Nagar, Delhi","Krishna Nagar, Delhi, India",2-3 business days,Virtual Office & Coworking,High-speed Wi-Fi|Meeting rooms|Power backup|24x7 access|Parking|CCTV,4.7,,true
55,Connaught Place,Delhi,,Connaught Place Business Hub,"A premium, verified business address in Connaught Place, Delhi — ready for GST and company registration, with professional mail handling and coworking access.",,,999,999,1299,799,"Connaught Place, Delhi","Connaught Place, Delhi, India",2-3 business days,Virtual Office & Coworking,High-speed Wi-Fi|Meeting rooms|Reception|Mail handling|Parking|Power backup|CCTV|24x7 access,4.9,Most Sold,true
56,Nehru Place,Delhi,,Nehru Place Business Hub,"A premium, verified business address in Nehru Place, Delhi — ready for GST and company registration, with professional mail handling and coworking access.",,,949,949,1249,749,"Nehru Place, Delhi","Nehru Place, Delhi, India",2-3 business days,Virtual Office & Coworking,High-speed Wi-Fi|Meeting rooms|Reception|Mail handling|Parking|Power backup|CCTV|24x7 access,4.8,,true
57,Okhla,Delhi,,Okhla Business Hub,"A premium, verified business address in Okhla, Delhi — ready for GST and company registration, with professional mail handling and coworking access.",,,899,899,1199,699,"Okhla, Delhi","Okhla, Delhi, India",2-3 business days,Virtual Office & Coworking,High-speed Wi-Fi|Meeting rooms|Reception|Mail handling|Parking|Power backup|CCTV|24x7 access,4.6,,true
58,Rajouri Garden,Delhi,,Rajouri Garden Business Hub,"A premium, verified business address in Rajouri Garden, Delhi — ready for GST and company registration, with professional mail handling and coworking access.",,,899,899,1199,699,"Rajouri Garden, Delhi","Rajouri Garden, Delhi, India",2-3 business days,Virtual Office & Coworking,High-speed Wi-Fi|Meeting rooms|Reception|Mail handling|Parking|Power backup|CCTV|24x7 access,4.6,,true
59,Janakpuri,Delhi,,Janakpuri Business Hub,"A premium, verified business address in Janakpuri, Delhi — ready for GST and company registration, with professional mail handling and coworking access.",,,949,949,1249,749,"Janakpuri, Delhi","Janakpuri, Delhi, India",2-3 business days,Virtual Office & Coworking,High-speed Wi-Fi|Meeting rooms|Reception|Mail handling|Parking|Power backup|CCTV|24x7 access,4.7,,true
65,Cyber City,Gurgaon,,Cyber City Business Hub,"A premium, verified business address in Cyber City, Gurgaon — ready for GST and company registration, with professional mail handling and coworking access.",,,1099,1099,1399,899,"Cyber City, Gurgaon","Cyber City, Gurgaon, India",2-3 business days,Virtual Office & Coworking,High-speed Wi-Fi|Meeting rooms|Reception|Mail handling|Parking|Power backup|CCTV|24x7 access,4.9,Trending,true
66,Sohna Road,Gurgaon,,Sohna Road Business Hub,"A premium, verified business address in Sohna Road, Gurgaon — ready for GST and company registration, with professional mail handling and coworking access.",,,999,999,1299,799,"Sohna Road, Gurgaon","Sohna Road, Gurgaon, India",2-3 business days,Virtual Office & Coworking,High-speed Wi-Fi|Meeting rooms|Reception|Mail handling|Parking|Power backup|CCTV|24x7 access,4.7,,true
15,Golf Course Road,Gurgaon,,Golf Course Road Business Hub,"Premium and flexible workspace. Modern interiors, private offices, dedicated desks, meeting rooms.",https://easemyoffice.in/wp-content/uploads/2024/10/01-37.webp,https://easemyoffice.in/wp-content/uploads/2024/10/03-6.webp|https://easemyoffice.in/wp-content/uploads/2024/10/WC-SH.webp|https://easemyoffice.in/wp-content/uploads/2024/10/02-10.webp,,,,,"Golf Course Road, Gurgaon","Golf Course Road, Gurgaon, India",2-3 business days,Virtual Office & Coworking,High-speed Wi-Fi|Meeting rooms|Power backup|24x7 access|Parking|CCTV,4.7,,true
16,MG Road,Gurgaon,,MG Road Business Hub,"Prime location, excellent metro connectivity. Hot desks, dedicated desks, private cabins. High-speed internet, printing, meeting rooms.",https://easemyoffice.in/wp-content/uploads/2024/10/01-38.webp,https://easemyoffice.in/wp-content/uploads/2024/10/03.webp|https://easemyoffice.in/wp-content/uploads/2024/10/02.webp|https://easemyoffice.in/wp-content/uploads/2024/10/05-1.webp,,,,,"MG Road, Gurgaon","MG Road, Gurgaon, India",2-3 business days,Virtual Office & Coworking,High-speed Wi-Fi|Meeting rooms|Power backup|24x7 access|Parking|CCTV,4.7,,true
67,Udyog Vihar,Gurgaon,,Udyog Vihar Business Hub,"A premium, verified business address in Udyog Vihar, Gurgaon — ready for GST and company registration, with professional mail handling and coworking access.",,,949,949,1249,749,"Udyog Vihar, Gurgaon","Udyog Vihar, Gurgaon, India",2-3 business days,Virtual Office & Coworking,High-speed Wi-Fi|Meeting rooms|Reception|Mail handling|Parking|Power backup|CCTV|24x7 access,4.6,,true
14,Sector 53 Golf Course Road,Gurgaon,,Sector 53 Golf Course Road Business Hub,"Premium workspace on Golf Course Road. Modern interiors, private offices, dedicated desks, meeting rooms. High-speed internet, 24/7 access.",https://easemyoffice.in/wp-content/uploads/2024/10/01-26.webp,https://easemyoffice.in/wp-content/uploads/2024/10/01-2.webp|https://easemyoffice.in/wp-content/uploads/2024/10/03-15.webp|https://easemyoffice.in/wp-content/uploads/2024/10/02-18.webp,,,,,"Sector 53 Golf Course Road, Gurgaon","Sector 53 Golf Course Road, Gurgaon, India",2-3 business days,Virtual Office & Coworking,High-speed Wi-Fi|Meeting rooms|Power backup|24x7 access|Parking|CCTV,4.7,,true
68,HITEC City,Hyderabad,,HITEC City Business Hub,"A premium, verified business address in HITEC City, Hyderabad — ready for GST and company registration, with professional mail handling and coworking access.",,,999,999,1299,799,"HITEC City, Hyderabad","HITEC City, Hyderabad, India",2-3 business days,Virtual Office & Coworking,High-speed Wi-Fi|Meeting rooms|Reception|Mail handling|Parking|Power backup|CCTV|24x7 access,4.8,Most Sold,true
17,Banjara Hills,Hyderabad,,Banjara Hills Business Hub,"Calm professional environment. High-speed WiFi, air conditioning, power backup, pantry. Private offices, open desks, lounge.",https://easemyoffice.in/wp-content/uploads/2024/10/01.webp,https://easemyoffice.in/wp-content/uploads/2024/10/03-1.webp|https://easemyoffice.in/wp-content/uploads/2024/10/02-1.webp|https://easemyoffice.in/wp-content/uploads/2024/10/04-1.webp,,,,,"Banjara Hills, Hyderabad","Banjara Hills, Hyderabad, India",2-3 business days,Virtual Office & Coworking,High-speed Wi-Fi|Meeting rooms|Power backup|24x7 access|Parking|CCTV,4.7,,true
70,Madhapur,Hyderabad,,Madhapur Business Hub,"A premium, verified business address in Madhapur, Hyderabad — ready for GST and company registration, with professional mail handling and coworking access.",,,949,949,1249,749,"Madhapur, Hyderabad","Madhapur, Hyderabad, India",2-3 business days,Virtual Office & Coworking,High-speed Wi-Fi|Meeting rooms|Reception|Mail handling|Parking|Power backup|CCTV|24x7 access,4.6,,true
18,Kondapur,Hyderabad,,Kondapur Business Hub,Vibrant Hitech City area. Workspaces for up to 30 members. Well-connected to public transport.,https://easemyoffice.in/wp-content/uploads/2024/10/01-1.webp,https://easemyoffice.in/wp-content/uploads/2024/10/03-5.webp|https://easemyoffice.in/wp-content/uploads/2024/10/02-5.webp|https://easemyoffice.in/wp-content/uploads/2024/10/05-5.webp,,,,,"Kondapur, Hyderabad","Kondapur, Hyderabad, India",2-3 business days,Virtual Office & Coworking,High-speed Wi-Fi|Meeting rooms|Power backup|24x7 access|Parking|CCTV,4.7,,true
69,Gachibowli,Hyderabad,,Gachibowli Business Hub,"A premium, verified business address in Gachibowli, Hyderabad — ready for GST and company registration, with professional mail handling and coworking access.",,,999,999,1299,799,"Gachibowli, Hyderabad","Gachibowli, Hyderabad, India",2-3 business days,Virtual Office & Coworking,High-speed Wi-Fi|Meeting rooms|Reception|Mail handling|Parking|Power backup|CCTV|24x7 access,4.7,,true
19,Hirapura,Jaipur,,Hirapura Business Hub,"Vibrant coworking with high-speed internet, meeting rooms, free beverages. Ergonomic furniture, biometric access, 24/7.",https://easemyoffice.in/wp-content/uploads/2024/10/01-39.webp,https://easemyoffice.in/wp-content/uploads/2024/10/03-2.webp|https://easemyoffice.in/wp-content/uploads/2024/10/02-2.webp|https://easemyoffice.in/wp-content/uploads/2024/10/09-1.webp,,,,,"Hirapura, Jaipur","Hirapura, Jaipur, India",2-3 business days,Virtual Office & Coworking,High-speed Wi-Fi|Meeting rooms|Power backup|24x7 access|Parking|CCTV,4.7,,true
20,Sangariya,Jodhpur,,Sangariya Business Hub,"Dynamic environment for freelancers, startups. Dedicated desks, private cabins, shared workspaces.",https://easemyoffice.in/wp-content/uploads/2024/10/01-40.webp,https://easemyoffice.in/wp-content/uploads/2024/10/03-3.webp|https://easemyoffice.in/wp-content/uploads/2024/10/02-3.webp|https://easemyoffice.in/wp-content/uploads/2024/10/05-3.webp,,,,,"Sangariya, Jodhpur","Sangariya, Jodhpur, India",2-3 business days,Virtual Office & Coworking,High-speed Wi-Fi|Meeting rooms|Power backup|24x7 access|Parking|CCTV,4.7,,true
23,Mukherjee Road,Kolkata,,Mukherjee Road Business Hub,"Open desks, dedicated desks, private offices. High-speed internet, conference rooms, cafeteria, lounge.",https://easemyoffice.in/wp-content/uploads/2024/10/01-43.webp,https://easemyoffice.in/wp-content/uploads/2024/10/03-4.webp|https://easemyoffice.in/wp-content/uploads/2024/10/02-4.webp|https://easemyoffice.in/wp-content/uploads/2024/10/09-2.webp,,,,,"Mukherjee Road, Kolkata","Mukherjee Road, Kolkata, India",2-3 business days,Virtual Office & Coworking,High-speed Wi-Fi|Meeting rooms|Power backup|24x7 access|Parking|CCTV,4.7,,true
21,Camac Street,Kolkata,,Camac Street Business Hub,"Centrally located in business district. Professional, air-conditioned. High-speed internet, power backup, meeting rooms.",https://easemyoffice.in/wp-content/uploads/2024/10/01-41.webp,https://easemyoffice.in/wp-content/uploads/2024/10/03-16.webp|https://easemyoffice.in/wp-content/uploads/2024/10/15.webp|https://easemyoffice.in/wp-content/uploads/2024/10/14.webp,,,,,"Camac Street, Kolkata","Camac Street, Kolkata, India",2-3 business days,Virtual Office & Coworking,High-speed Wi-Fi|Meeting rooms|Power backup|24x7 access|Parking|CCTV,4.7,,true
22,Park Street,Kolkata,,Park Street Business Hub,"Prime business area. Dedicated desks, private cabins, meeting rooms, high-speed Wi-Fi, pantry.",https://easemyoffice.in/wp-content/uploads/2024/10/01-42.webp,https://easemyoffice.in/wp-content/uploads/2024/10/03-17.webp|https://easemyoffice.in/wp-content/uploads/2024/10/15-1.webp|https://easemyoffice.in/wp-content/uploads/2024/10/14-1.webp,,,,,"Park Street, Kolkata","Park Street, Kolkata, India",2-3 business days,Virtual Office & Coworking,High-speed Wi-Fi|Meeting rooms|Power backup|24x7 access|Parking|CCTV,4.7,,true
39,Malad,Mumbai,,Malad Business Hub,"Flexible office with shared desks, private spaces. Printing, reception, secure internet.",https://easemyoffice.in/wp-content/uploads/2025/09/Coworking-Space-Maharashtra-Mumbai-Andheri-Kurla-Rd-Chimatpada-Marol-Andheri-Easthhknf9.webp,,,,,,"Malad, Mumbai","Malad, Mumbai, India",2-3 business days,Virtual Office & Coworking,High-speed Wi-Fi|Meeting rooms|Power backup|24x7 access|Parking|CCTV,4.7,,true
42,Bandra,Mumbai,,Bandra Business Hub,"Premium business center. Coworking desks, private offices, virtual office. Reception, mail handling, meeting spaces.",https://easemyoffice.in/wp-content/uploads/2025/09/1-1558530769.avif,https://easemyoffice.in/wp-content/uploads/2025/09/yb5v8q.webp|https://easemyoffice.in/wp-content/uploads/2025/09/rne684.webp|https://easemyoffice.in/wp-content/uploads/2025/09/4ddd29.webp,,,,,"Bandra, Mumbai","Bandra, Mumbai, India",2-3 business days,Virtual Office & Coworking,High-speed Wi-Fi|Meeting rooms|Power backup|24x7 access|Parking|CCTV,4.7,,true
24,Goregaon East,Mumbai,,Goregaon East Business Hub,"Modern coworking for startups, freelancers. Hot desks, dedicated offices. High-speed internet, meeting rooms.",https://easemyoffice.in/wp-content/uploads/2024/10/01-44.webp,https://easemyoffice.in/wp-content/uploads/2024/10/03-7.webp|https://easemyoffice.in/wp-content/uploads/2024/10/02-6.webp|https://easemyoffice.in/wp-content/uploads/2024/10/05-6.webp,,,,,"Goregaon East, Mumbai","Goregaon East, Mumbai, India",2-3 business days,Virtual Office & Coworking,High-speed Wi-Fi|Meeting rooms|Power backup|24x7 access|Parking|CCTV,4.7,,true
60,Andheri East,Mumbai,,Andheri East Business Hub,"A premium, verified business address in Andheri East, Mumbai — ready for GST and company registration, with professional mail handling and coworking access.",,,1199,1199,1499,999,"Andheri East, Mumbai","Andheri East, Mumbai, India",2-3 business days,Virtual Office & Coworking,High-speed Wi-Fi|Meeting rooms|Reception|Mail handling|Parking|Power backup|CCTV|24x7 access,4.9,Most Sold,true
61,BKC,Mumbai,,BKC Business Hub,"A premium, verified business address in BKC, Mumbai — ready for GST and company registration, with professional mail handling and coworking access.",,,1499,1499,1799,1299,"BKC, Mumbai","BKC, Mumbai, India",2-3 business days,Virtual Office & Coworking,High-speed Wi-Fi|Meeting rooms|Reception|Mail handling|Parking|Power backup|CCTV|24x7 access,4.9,Premium,true
62,Lower Parel,Mumbai,,Lower Parel Business Hub,"A premium, verified business address in Lower Parel, Mumbai — ready for GST and company registration, with professional mail handling and coworking access.",,,1299,1299,1599,1099,"Lower Parel, Mumbai","Lower Parel, Mumbai, India",2-3 business days,Virtual Office & Coworking,High-speed Wi-Fi|Meeting rooms|Reception|Mail handling|Parking|Power backup|CCTV|24x7 access,4.8,,true
63,Powai,Mumbai,,Powai Business Hub,"A premium, verified business address in Powai, Mumbai — ready for GST and company registration, with professional mail handling and coworking access.",,,1199,1199,1499,999,"Powai, Mumbai","Powai, Mumbai, India",2-3 business days,Virtual Office & Coworking,High-speed Wi-Fi|Meeting rooms|Reception|Mail handling|Parking|Power backup|CCTV|24x7 access,4.7,,true
64,Thane,Mumbai,,Thane Business Hub,"A premium, verified business address in Thane, Mumbai — ready for GST and company registration, with professional mail handling and coworking access.",,,999,999,1299,799,"Thane, Mumbai","Thane, Mumbai, India",2-3 business days,Virtual Office & Coworking,High-speed Wi-Fi|Meeting rooms|Reception|Mail handling|Parking|Power backup|CCTV|24x7 access,4.6,,true
40,C A Road,Nagpur,,C A Road Business Hub,"Flexible workstations, private cabins, meeting facilities. Professional yet comfortable.",https://easemyoffice.in/wp-content/uploads/2025/09/2.avif,,,,,,"C A Road, Nagpur","C A Road, Nagpur, India",2-3 business days,Virtual Office & Coworking,High-speed Wi-Fi|Meeting rooms|Power backup|24x7 access|Parking|CCTV,4.7,,true
37,Gokulpeth,Nagpur,,Gokulpeth Business Hub,"Centrally located coworking hub. Dedicated desks, private cabins, modern amenities.",https://easemyoffice.in/wp-content/uploads/2025/09/yb5v8q.webp,,,,,,"Gokulpeth, Nagpur","Gokulpeth, Nagpur, India",2-3 business days,Virtual Office & Coworking,High-speed Wi-Fi|Meeting rooms|Power backup|24x7 access|Parking|CCTV,4.7,,true
25,Vashi,Navi Mumbai,,Vashi Business Hub,"Flexible seating, dedicated desks, private cabins, conference rooms. High-speed internet, power backup.",https://easemyoffice.in/wp-content/uploads/2024/10/01-45.webp,https://easemyoffice.in/wp-content/uploads/2024/10/03-15.webp|https://easemyoffice.in/wp-content/uploads/2024/10/02-15.webp|https://easemyoffice.in/wp-content/uploads/2024/10/09.webp,,,,,"Vashi, Navi Mumbai","Vashi, Navi Mumbai, India",2-3 business days,Virtual Office & Coworking,High-speed Wi-Fi|Meeting rooms|Power backup|24x7 access|Parking|CCTV,4.7,,true
79,Sector 62,Noida,,Sector 62 Business Hub,"A premium, verified business address in Sector 62, Noida — ready for GST and company registration, with professional mail handling and coworking access.",,,899,899,1199,699,"Sector 62, Noida","Sector 62, Noida, India",2-3 business days,Virtual Office & Coworking,High-speed Wi-Fi|Meeting rooms|Reception|Mail handling|Parking|Power backup|CCTV|24x7 access,4.8,Most Sold,true
81,Sector 16,Noida,,Sector 16 Business Hub,"A premium, verified business address in Sector 16, Noida — ready for GST and company registration, with professional mail handling and coworking access.",,,899,899,1199,699,"Sector 16, Noida","Sector 16, Noida, India",2-3 business days,Virtual Office & Coworking,High-speed Wi-Fi|Meeting rooms|Reception|Mail handling|Parking|Power backup|CCTV|24x7 access,4.6,,true
26,Sector 63,Noida,,Sector 63 Business Hub,"Dynamic collaborative environment. Flexible workspace at competitive prices. Air conditioning, power backup, parking.",https://easemyoffice.in/wp-content/uploads/2024/10/01-46.webp,https://easemyoffice.in/wp-content/uploads/2024/10/03.webp|https://easemyoffice.in/wp-content/uploads/2024/10/02-9.webp|https://easemyoffice.in/wp-content/uploads/2024/10/09-5.webp,,,,,"Sector 63, Noida","Sector 63, Noida, India",2-3 business days,Virtual Office & Coworking,High-speed Wi-Fi|Meeting rooms|Power backup|24x7 access|Parking|CCTV,4.7,,true
80,Sector 132,Noida,,Sector 132 Business Hub,"A premium, verified business address in Sector 132, Noida — ready for GST and company registration, with professional mail handling and coworking access.",,,949,949,1249,749,"Sector 132, Noida","Sector 132, Noida, India",2-3 business days,Virtual Office & Coworking,High-speed Wi-Fi|Meeting rooms|Reception|Mail handling|Parking|Power backup|CCTV|24x7 access,4.6,,true
27,Sector 2,Noida,,Sector 2 Business Hub,"Professional vibrant environment. Modern aesthetics, high-speed internet, ergonomic furniture, meeting rooms.",https://easemyoffice.in/wp-content/uploads/2024/10/01-47.webp,https://easemyoffice.in/wp-content/uploads/2024/10/03-8.webp|https://easemyoffice.in/wp-content/uploads/2024/10/02-8.webp|https://easemyoffice.in/wp-content/uploads/2024/10/09-6.webp,,,,,"Sector 2, Noida","Sector 2, Noida, India",2-3 business days,Virtual Office & Coworking,High-speed Wi-Fi|Meeting rooms|Power backup|24x7 access|Parking|CCTV,4.7,,true
73,Kharadi,Pune,,Kharadi Business Hub,"A premium, verified business address in Kharadi, Pune — ready for GST and company registration, with professional mail handling and coworking access.",,,949,949,1249,749,"Kharadi, Pune","Kharadi, Pune, India",2-3 business days,Virtual Office & Coworking,High-speed Wi-Fi|Meeting rooms|Reception|Mail handling|Parking|Power backup|CCTV|24x7 access,4.6,,true
74,Viman Nagar,Pune,,Viman Nagar Business Hub,"A premium, verified business address in Viman Nagar, Pune — ready for GST and company registration, with professional mail handling and coworking access.",,,899,899,1199,699,"Viman Nagar, Pune","Viman Nagar, Pune, India",2-3 business days,Virtual Office & Coworking,High-speed Wi-Fi|Meeting rooms|Reception|Mail handling|Parking|Power backup|CCTV|24x7 access,4.6,,true
43,Sinhgad Road,Pune,,Sinhgad Road Business Hub,"Innovative workspace. Open desks, cabin offices, shared amenities.",https://easemyoffice.in/wp-content/uploads/2025/09/4ddd29.webp,,,,,,"Sinhgad Road, Pune","Sinhgad Road, Pune, India",2-3 business days,Virtual Office & Coworking,High-speed Wi-Fi|Meeting rooms|Power backup|24x7 access|Parking|CCTV,4.7,,true
41,Erandwane,Pune,,Erandwane Business Hub,"Contemporary workspace. High-speed connectivity, meeting areas, flexible plans.",https://easemyoffice.in/wp-content/uploads/2025/09/The-Hub-A-Coworking-Space-007-min.webp,,,,,,"Erandwane, Pune","Erandwane, Pune, India",2-3 business days,Virtual Office & Coworking,High-speed Wi-Fi|Meeting rooms|Power backup|24x7 access|Parking|CCTV,4.7,,true
72,Hinjewadi,Pune,,Hinjewadi Business Hub,"A premium, verified business address in Hinjewadi, Pune — ready for GST and company registration, with professional mail handling and coworking access.",,,899,899,1199,699,"Hinjewadi, Pune","Hinjewadi, Pune, India",2-3 business days,Virtual Office & Coworking,High-speed Wi-Fi|Meeting rooms|Reception|Mail handling|Parking|Power backup|CCTV|24x7 access,4.7,,true
38,Balewadi,Pune,,Balewadi Business Hub,"Vibrant workspace with flexible seating, dedicated desks, conference areas. Entrepreneurs and small teams.",https://easemyoffice.in/wp-content/uploads/2025/09/rne684.webp,,,,,,"Balewadi, Pune","Balewadi, Pune, India",2-3 business days,Virtual Office & Coworking,High-speed Wi-Fi|Meeting rooms|Power backup|24x7 access|Parking|CCTV,4.7,,true
71,Baner,Pune,,Baner Business Hub,"A premium, verified business address in Baner, Pune — ready for GST and company registration, with professional mail handling and coworking access.",,,899,899,1199,699,"Baner, Pune","Baner, Pune, India",2-3 business days,Virtual Office & Coworking,High-speed Wi-Fi|Meeting rooms|Reception|Mail handling|Parking|Power backup|CCTV|24x7 access,4.7,Trending,true
